degree,mse,r2
1,0.024767844605714198,0.6971114263943217
2,0.017876033188521948,0.7813921122167405
3,0.007728893224236144,0.9054825528217588
4,0.00394881001543059,0.9517095874891897
5,0.0022056645065126677,0.9730266970394281
